"Российский боксер проведет бой 9 мая в Германии",http://lenta.ru/news/2015/02/23/chudinov/,"
    Российский боксер Федор Чудинов проведет бой с немцем Феликсом Штурмом, сообщает Bild. Дата проведения поединка назначена на 9 мая, площадкой для шоу станет, предположительно, Франкфурт. На кону будет стоять либо пояс временного чемпиона Всемирной боксерской ассоциации, принадлежащий россиянину, либо регулярный титул.
  ","Mon, 23 Feb 2015 13:59:00 +0300"
"В Вене осквернили памятник советскому Воину-освободителю",http://lenta.ru/news/2015/02/23/vienna/,"
    Неизвестные облили черной краской памятник советскому Воину-освободителю в Вене. Инцидент произошел в ночь на понедельник, 23 февраля. Пострадал пьедестал памятника, на котором выбит приказ верховного главнокомандующего Иосифа Сталина в связи со взятием Вены 13 апреля 1945 года.
  ","Mon, 23 Feb 2015 13:46:00 +0300"
"Первый в России композитный 3D-принтер создали в «Сколково»",http://lenta.ru/news/2015/02/23/3dscolkovo/,"
    Ученые Сколковского института науки и технологий создали прототип первого в России композитного принтера. Аппарат использует экструдер собственной разработки и систему позиционирования от существующих на рынке систем. Он печатает изделия из композиционного материала, превосходящие по прочности мировые аналоги. 
  ","Mon, 23 Feb 2015 13:40:00 +0300"
"В Гюмри пропал контрактник погрануправления ФСБ",http://lenta.ru/news/2015/02/23/disappear/,"
    В Гюмри пропал сотрудник Погрануправления ФСБ России в Армении, проходивший службу на контрактной основе. Как сообщили в ведомстве, 26-летний Арутр Афян не вышел на работу после выходных. Военнослужащие и полицейские приступили к его поискам. Супруга Афяна рассказала, что не получала от него вестей с 21 февраля.
  ","Mon, 23 Feb 2015 13:37:00 +0300"
"Порошенко пообещал защищать права крымчан",http://lenta.ru/news/2015/02/23/poroshenko/,"
    Президент Украины Петр Порошенко пообещал «всеми средствами» защищать права людей, живущих в Крыму, а также заявил, что Украина никогда не откажется от своих суверенных прав на полуостров. По мнению украинского лидера, «цивилизованное развитие Крыма возможно лишь в составе независимой и неделимой Украины».
  ","Mon, 23 Feb 2015 13:10:00 +0300"
"Киевскому «Динамо» запретили играть в майках с надписью «Героям слава»",http://lenta.ru/news/2015/02/23/slava/,"
    УЕФА запретил киевскому «Динамо» играть в майках с надписью «Героям слава» на груди. Как пояснил президент футбольного клуба Игорь Суркис, правилами УЕФА запрещается вносить изменения в игровую форму по ходу сезона. В качестве альтернативы игроки могут появиться в тренировочных майках с такой надписью.
  ","Mon, 23 Feb 2015 12:29:00 +0300"
"«Харьковские партизаны» обвинили Авакова в организации взрыва в городе",http://lenta.ru/news/2015/02/23/zayavlenie/,"
    «Харьковские партизаны», которых МВД Украины подозревает в причастности к организации теракта на проспекте Маршала Жукова в Харькове, опровергли свою причастность к произошедшему. В их обращении отмечается, что взрыв был произведен по приказу министра внутренних дел Украины Арсена Авакова.
  ","Mon, 23 Feb 2015 12:24:00 +0300"
"Пушков пошутил над «разрывающимся сердцем» Маккейна",http://lenta.ru/news/2015/02/23/pushkov/,"
    Глава комитета Госдумы по международным делам Алексей Пушков прокомментировал заявление американского сенатора Джона Маккейна о том, что ему стыдно за неоказание США помощи Украине. Российский парламентарий удивляется, как выдержало сердце Маккейна отказ США бомбить Дамаск и не вооружать Киев. 
  ","Mon, 23 Feb 2015 12:06:00 +0300"
"Россия поставит Белоруссии партию гражданских вертолетов",http://lenta.ru/news/2015/02/23/helicopter/,"
    Холдинг «Вертолеты России», входящий в госкорпорацию «Ростех», договорился с Белоруссией о подписании контракта на поставку партии гражданских вертолетов. Согласно контракту белорусская сторона получит 12 вертолетов Ми-17 . Сроки выполнения, а также стоимость сделки не уточняются.
  ","Mon, 23 Feb 2015 11:56:00 +0300"
"Роналдо возобновит карьеру в чемпионате США",http://lenta.ru/news/2015/02/23/ronaldo/,"
    Бразильский нападающий Роналдо заявил о желании возобновить карьеру в команде американского второго дивизиона «Форт-Лодердейл Страйкерс», совладельцем которой он является. Последним клубом 38-летнего форварда был бразильский «Коринтианс», он выступал за него в 2011 году.
  ","Mon, 23 Feb 2015 11:41:00 +0300"
"Обама «признался» в любви к американским идиотам",http://lenta.ru/news/2015/02/23/obama/,"
    В сатирической колонке журнала New Yorker президент США Барак Обама «признался» в любви к Америке «и даже ее идиотам», добавив, что они являются «довольно большой частью» страны. Такое заявление он якобы сделал в своем еженедельном радиообращении к нации. Текст колонки написал известный автор и комик Энди Боровиц.
  ","Mon, 23 Feb 2015 11:38:00 +0300"
"«Рособоронэкспорт» в 2014 году продал вооружения за рубеж на 13 миллиардов долларов",http://lenta.ru/news/2015/02/23/weaponsell/,"
    «Рособоронэкспорт» по итогам 2014 года продал вооружения и военную технику за рубеж на сумму 13 миллиардов долларов. Об этом сообщил журналистам генеральный директор госкорпорации «Ростех» (в которую входит «Рособоронэкспорт») Сергей Чемезов. В настоящее время портфель заказов составляет 38 миллиардов долларов. 
  ","Mon, 23 Feb 2015 11:35:00 +0300"
"В организации харьковского теракта заподозрили «партизан»",http://lenta.ru/news/2015/02/23/harkiv/,"
    В МВД Украины назвали предполагаемых организаторов теракта в Харькове, жертвами которого стали два человека. Как заявил советник министра внутренних дел Антон Геращенко, взрыв могла устроить группировка «Харьковские партизаны». Он считает, что участники этой организации работают по заказу Кремля. 
  ","Mon, 23 Feb 2015 11:02:00 +0300"
"Шарапова сохранила второе место в теннисном рейтинге",http://lenta.ru/news/2015/02/23/sharapova/,"
    Россиянка Мария Шарапова осталась на втором месте в рейтинге Женской теннисной ассоциации (WTA). С третьей на четвертую строчку поднялась румынка Симона Халеп, ставшая победительницей турнира WTA в Дубае. Лидерство сохраняет американка Серена Уильямс. Еще одна россиянка, Екатерина Макарова, занимает девятое место. 
  ","Mon, 23 Feb 2015 10:39:00 +0300"
"В «Рособоронэкспорте» рассказали о пользе антироссийских санкций",http://lenta.ru/news/2015/02/23/weapons/,"
    Заместитель генерального директора «Рособоронэкспорта» Сергей Гореславский заявил, что санкции Запада в отношении России принесли пользу для оружейной отрасли. По его словам, отмечается повышенный интерес к российской продукции, что «стало следствием применения санкционной политики в отношении России».
  ","Mon, 23 Feb 2015 09:57:00 +0300"
"Эксперты назвали причину смерти биатлонистки Якимкиной",http://lenta.ru/news/2015/02/23/yakimkina/,"
    Согласно результатам экспертизы, причиной смерти биатлонистки Алины Якимкиной, скончавшейся в субботу, 21 февраля, в ходе гонки в Тюмени, стала острая сердечная недостаточность. Об этом сообщил министр по физической культуре, спорту и молодежной политике Удмуртии Игорь Краснов. 
  ","Mon, 23 Feb 2015 09:44:00 +0300"
"В результате аварии в Томске погибли два человека",http://lenta.ru/news/2015/02/23/tomsk/,"
    В ночь на понедельник, 23 февраля, в Томске произошла авария, в результате которой погибли два человека. Столкновение автомобиля Nissan Almera c ВАЗ-21103 произошло в 02:10 по местному времени (23:10 мск) на улице Иркутский тракт. Пассажирка ВАЗ погибла на месте, водитель автомобиля умер в больнице.
  ","Mon, 23 Feb 2015 09:31:00 +0300"
"Кэмерон приказал активизировать борьбу с российскими шпионами",http://lenta.ru/news/2015/02/23/cameron/,"
    Премьер-министр Великобритании Дэвид Кэмерон распорядился активизировать поиск и слежку за агентами российских спецслужб, работающих в Соединенном Королевстве, утверждает The Times. В MI5, MI6 и МИД Великобритании начат набор русскоговорящих сотрудников, одной задач которых станет прослушивание телефонных разговоров.
  ","Mon, 23 Feb 2015 08:42:01 +0300"
"«Бердмэн» завоевал «Оскара» в номинации «Лучший фильм»",http://lenta.ru/news/2015/02/23/oscar1/,"
    Фильм «Бердмэн» режиссера Алехандро Гонсалеса Иньярриту получил главный приз американской киноакадемии — «Оскар». Он был признан лучшей работой года. Кроме того, Иньярриту удостоен награды за лучшую режиссуру. «Бердмэну» достались еще две премии — за лучший сценарий и лучшую операторскую работу.
  ","Mon, 23 Feb 2015 08:06:00 +0300"
"Представлены главные научные исследования на тему «Оскара»",http://lenta.ru/news/2015/02/23/scienceoscar/,"
    В преддверии вручения 87-й кинопремии «Оскар» компания Thomson Reuters провела обзор главных научных исследований, проведенных на тему премии за последние 15 лет. Ученые отслеживали судьбу номинантов и победителей «Оскара» в течение многих десятилетий, что дало ценный исследовательский материал.
  ","Mon, 23 Feb 2015 08:00:45 +0300"
"Фильм о Сноудене удостоился «Оскара»",http://lenta.ru/news/2015/02/23/citizenfour/,"
    Лента «Гражданин четыре» (Citizenfour) режиссера Лоры Пойтрас о бывшем сотруднике спецслужб США Эдварде Сноудене получила премию Академии кинематографических искусств и наук в номинации «Лучший документальный фильм». Награду получила автор фильма, которая под аплодисменты поблагодарила со сцены Сноудена за мужество.
  ","Mon, 23 Feb 2015 07:16:00 +0300"
"Боевики ИГ сожгли 10 тысяч книг в Мосуле",http://lenta.ru/news/2015/02/23/library/,"
    Боевики группировки «Исламское государство» взорвали центральную библиотеку иракского города Мосул, уничтожив около 10 тысяч книг. Среди уничтоженных изданий — редкие экземпляры по культуре, философии и истории. Экстремисты оправдали свои действия тем, что книги и манускрипты якобы разжигали инакомыслие.
  ","Mon, 23 Feb 2015 07:01:00 +0300"
"Президент Грузии объяснил новый пост Саакашвили желанием служить Украине",http://lenta.ru/news/2015/02/23/georgia/,"
    Назначение бывшего президента Грузии Михаила Саакашвили, объявленного на родине в розыск, советником украинского лидера Петра Порошенко не скажется на отношениях между Киевом и Тбилиси, заявил действующий глава государства Георгий Маргвелашвили. По его словам, каждый грузин «считает своим долгом быть полезным Украине».
  ","Mon, 23 Feb 2015 06:02:00 +0300"
"Фильм «Левиафан» остался без «Оскара»",http://lenta.ru/news/2015/02/23/oscar/,"
    Премию «Оскар» в номинации «Лучший фильм на иностранном языке» получила кинокартина «Ида» польского режиссера Павла Павликовского. Об этом было объявлено в ходе торжественной церемонии вручения награды американской Академии кинематографических искусств и наук.
  ","Mon, 23 Feb 2015 05:12:00 +0300"
"Вандалы осквернили мемориал в память о жертвах теракта в Париже",http://lenta.ru/news/2015/02/23/charlie/,"
    Неизвестные вандалы осквернили мемориал в память о жертвах нападения на редакцию журнала Charlie Hebdo, воздвигнутый на Площади Республики в центре столицы Франции. По словам активистов, это уже четвертое за две недели нападение на импровизированный памятник из фотографий и цветов. Волонтеры уже подали заявление в полицию.
  ","Mon, 23 Feb 2015 05:04:00 +0300"
"FT узнала о готовности ЕС блокировать ядерную сделку между Венгрией и Россией",http://lenta.ru/news/2015/02/23/hungary/,"
    Евросоюз может наложить вето на сделку между Россией и Венгрией относительно строительства двух энергоблоков атомной электростанции «Пакш», так как опасается возможной блокировки Будапештом новых санкций против РФ. Сейчас законность контракта проверяют Евратом и Еврокомиссия.
  ","Mon, 23 Feb 2015 04:14:00 +0300"
"При крушении парома в Бангладеш погибли десятки человек",http://lenta.ru/news/2015/02/23/ferry/,"
    В Бангладеш в результате крушения парома погибли как минимум 66 человек. Инцидент произошел на реке Падма. Паром, направлявшийся из Даулатдии в Патурию, столкнулся с траулером, после чего перевернулся. Всего на судне находились более 150 пассажиров. По меньшей мере 50 пассажиров были спасены.
  ","Mon, 23 Feb 2015 03:56:00 +0300"
"В московском анархистском клубе задержаны более 40 человек",http://lenta.ru/news/2015/02/23/club/,"
    Полиция задержала более 40 человек перед благотворительным концертом в анархистском клубе имени Джерри Рубина на юго-западе Москвы. При этом вместе с посетителями были задержаны и музыканты, которые должны были участвовать в выступлении. Спустя несколько часов все задержанные были отпущены.
  ","Mon, 23 Feb 2015 02:56:00 +0300"
"Милиция рассказала ОБСЕ подробности взрыва в Харькове",http://lenta.ru/news/2015/02/23/osce/,"
    Взрывное устройство, сработавшее во время марша в центре Харькова, было аналогично тому, которое взорвалось у здания Московского районного суда. Об этом представители МВД сообщили сотрудникам Специальной мониторинговой миссии ОБСЕ, которые были очевидцами произошедшего.
  ","Mon, 23 Feb 2015 01:19:00 +0300"
"Премьер-министр Словакии предложил смягчить санкции против Москвы",http://lenta.ru/news/2015/02/23/fizo/,"
    Глава правительства Словакии Роберт Фицо призвал снять санкции с отдельных физических лиц, которые, по его словам, мешают политическому диалогу. Премьер-министр также признал, что антироссийские санкции и ответные меры со стороны Москвы нанесли урон экономике Словакии, и выразил уверенность в необходимости федерализации Украины.
  ","Mon, 23 Feb 2015 01:13:29 +0300"
"Власти Украины сформируют добровольческий танковый батальон",http://lenta.ru/news/2015/02/23/tank/,"
    На Украине осуществляется формирование добровольческого танкового батальона. Об этом сообщил советник президента страны Юрий Бирюков. Он опроверг слухи, что в нынешней ситуации добровольческие батальоны подвергнутся расформированию.
  ","Mon, 23 Feb 2015 00:25:00 +0300"
"Роспотребнадзор запретил ввоз польских сырных продуктов",http://lenta.ru/news/2015/02/22/ban/,"
    Роспотребнадзор запретил ввоз в РФ сырных и сыроподобных продуктов из Польши из-за нарушения регламентов Таможенного союза, касающихся маркировки, сообщает пресс-служба ведомства. Запрет введен с пятницы, 20 февраля, информация о нем направлена в Федеральную таможенную службу.
  ","Mon, 23 Feb 2015 00:19:00 +0300"
"Порошенко призвал ЕС оказать давление на Россию",http://lenta.ru/news/2015/02/22/poroshenko/,"
    Президент Украины Петр Порошенко в ходе встречи со словацким коллегой Андреем Киской призвал Европу оказать давление на Россию для реализации минских договоренностей. Ранее глава Евросовета Дональд Туск заявил, что лидеры стран-членов ЕС обсуждают возможность введения новых санкций против России.
  ","Sun, 22 Feb 2015 23:56:44 +0300"
"Из загоревшейся южноафриканской шахты спасены все горняки",http://lenta.ru/news/2015/02/22/mine/,"
    Южноафриканские спасатели вывели на поверхность всех 486 горняков, заблокированных в забое из-за пожара на шахте по добыче золота компании Harmony Gold. Никто из шахтеров, по предварительным данным, не пострадал, но все они будут обследованы медиками. В операции были задействованы семь бригад спасателей.
  ","Sun, 22 Feb 2015 23:01:00 +0300"
"В ДНР назвали дату начала отвода тяжелого вооружения",http://lenta.ru/news/2015/02/22/dnr/,"
    Самопровозглашенная Донецкая народная республика намерена начать отвод тяжелого вооружения 24 февраля, сообщил представитель Минобороны ДНР Эдуард Басурин. Операцию планируется завершить в течение двух недель. Басурин также заявил, что за сутки украинские силовики 29 раз нарушили режим перемирия. В результате ранены два мирных жителя.
  ","Sun, 22 Feb 2015 22:39:00 +0300"
"Ляшко обвинил мэра Харькова в причастности к взрыву",http://lenta.ru/news/2015/02/22/lyasko/,"
    Лидер Радикальной партии Украины обвинил в причастности к взрыву в Харькове мэра города Геннадия Кернеса. Назвав его «лидером местных ватников», Ляшко отметил: «Если бы нашей власти хватило мужества посадить этого московского агента раньше — возможно, этих убийств и не было».
  ","Sun, 22 Feb 2015 22:03:00 +0300"
"В ЮАР пропали без вести 199 шахтеров",http://lenta.ru/news/2015/02/22/goldmine/,"
    Пожар вспыхнул на глубине 2,3 тысячи метров в шахте по добыче золота компании Harmony Gold, расположенной в 75 километрах от Йоханнесбурга. Спасти удалось 287 человек, 280 из них уже подняты на поверхность. Судьба еще 199 горняков остается неизвестной, сообщили в компании.
  ","Sun, 22 Feb 2015 21:52:11 +0300"
"Министр анонсировал создание телеканала Ukrainian Tomorrow",http://lenta.ru/news/2015/02/22/ukrainiantomorrow/,"
    Министр информационной политики Украины Юрий Стець анонсировал создание телеканала иновещания. «Мы в течение месяца запустим канал иновещания, название которого будет Ukrainian Tomorrow, в отличие от Russia Today. У них есть только сегодня, а у нас — будущее», — сказал Стець.
  ","Sun, 22 Feb 2015 19:56:00 +0300"
"Следователи заинтересовались смертью пенсионерки в магазине Петербурга",http://lenta.ru/news/2015/02/22/pensionerka/,"
    Следователи проводят проверку по факту смерти пенсионерки в магазине «Пятерочка» в Санкт-Петербурге. «84-летней местной жительнице стало плохо со здоровьем. Сотрудники магазина своевременно вызвали врачей ""скорой помощи"", однако женщина скончалась до прибытия медиков», — говорится в Следственного комитета России. <br />
  ","Sun, 22 Feb 2015 19:28:00 +0300"
"Опубликована запись взрыва в Харькове",http://lenta.ru/news/2015/02/22/kharkiv/,"
    На сервисе YouTube опубликовано видео взрыва в Харькове. Запись сделана очевидцем, который находился недалеко от того места, где сработало взрывное устройство. Прокуратура квалифицировала произошедшее в городе как теракт. Жертвами взрыва стали две человека — активист и подполковник милиции.
  ","Sun, 22 Feb 2015 18:48:00 +0300"
"«Уралвагонзавод» предложил ОАЭ боевой модуль",http://lenta.ru/news/2015/02/22/modul/,"
    Российский дистанционно управляемый боевой модуль АУ-220М, возможно, будет установлен на колесную боевую бронемашину разработки Emirates Defence Technology. Он оснащен 57-миллиметровой автоматической пушкой и 7,62-миллиметровым пулеметом. Разработка модуля ведется на «Уралвагонзаводе» в течение последних нескольких лет.
  ","Sun, 22 Feb 2015 17:46:00 +0300"
"Семилетняя смертница убила пять человек в Нигерии",http://lenta.ru/news/2015/02/22/shahidka/,"
    Теракт, в результате которого погибли пять жителей Нигерии, совершила семилетняя девочка. Смертница подорвала себя после того, как ее попросили пройти досмотр при входе на городской рынок. Пока ни одна из террористических организаций не взяла на себя ответственность за произошедшее. <br />
  ","Sun, 22 Feb 2015 17:45:00 +0300"
"Установлены личности погибших при взрыве в Харькове",http://lenta.ru/news/2015/02/22/gerashenko/,"
    При взрыве на шествии в Харькове погибли местный активист Игорь Толмачев и подполковник милиции Рыбальченко (его имя не уточняется). Об этом сообщил советник министра внутренних дел Украины Антон Геращенко. Ранения получили 11 человек, в том числе пять милиционеров, сопровождавших колонну демонстрантов.
  ","Sun, 22 Feb 2015 17:41:00 +0300"
"В СБУ отчитались о предотвращенных в Харькове терактах",http://lenta.ru/news/2015/02/22/lubkivskyi/,"
    Службе безопасности Украины (СБУ) удалось предотвратить несколько терактов, которые планировалось совершить 22 февраля в Харькове. Об этом заявил советник главы СБУ Маркиян Лубкивский. В воскресенье в Харькове сработало взрывное устройство, в результате чего погибли два человека. Прокуратура признала произошедшее терактом.
  ","Sun, 22 Feb 2015 17:07:00 +0300"
"Двукратного чемпиона «Формулы-1» госпитализировали после аварии",http://lenta.ru/news/2015/02/22/alonso/,"
    Двукратный чемпион мира по автогонкам серии «Формула-1» пилот «Макларена» Фернандо Алонсо в воскресенье, 22 февраля,  попал в аварию на тестах в Барселоне и был доставлен в больницу. На одном из поворотов испанец не справился с управлением и врезался в отбойник. 33-летний гонщик находится в сознании.
  ","Sun, 22 Feb 2015 16:59:00 +0300"
"В прокуратуре уточнили число погибших на марше в Харькове",http://lenta.ru/news/2015/02/22/kharkov2/,"
    В прокуратуре Харьковской области уточнили число погибших во время марша. «В результате взрыва погибли два человека, один из которых милиционер, еще девять пострадавших доставлены в больницу, четверо из них — правоохранители», — отметили  в пресс-службе. Ранее сообщалось о трех погибших и 15 пострадавших.
  ","Sun, 22 Feb 2015 16:51:00 +0300"
"Россия презентовала на выставке в ОАЭ новейший автомат для боевых пловцов",http://lenta.ru/news/2015/02/22/ak/,"
    На выставке IDEX-2015 в Абу-Даби состоялась презентация двухсредного специального автомата АДС, предназначенного для оснащения подразделений боевых пловцов. Он может вести огонь как специальными патронами для подводной стрельбы, так и обычными — калибра 5,45 миллиметра.<br />
  ","Sun, 22 Feb 2015 16:39:00 +0300"
"Турчинов объявил о начале антитеррористической операции в Харькове",http://lenta.ru/news/2015/02/22/turchinov/,"
    Секретарь Совета национальной безопасности и обороны Украины Александр Турчинов объявил о начале антитеррористической операции в Харькове. Кроме того, он сообщил о задержании четырех человек, у которых был изъят гранатомет. Днем 22 февраля в центре Харькова сработало взрывное устройство.
  ","Sun, 22 Feb 2015 16:32:00 +0300"
"Клуб НБА отказался от Андрея Кириленко",http://lenta.ru/news/2015/02/22/kirilenko/,"
    Клуб Национальной баскетбольной ассоциации (НБА) «Филадельфия Севенти Сиксерз» выставил российского форварда Андрея Кириленко на драфт отказов. По правилам НБА, любой клуб в течение 48 часов может забрать 34-летнего игрока бесплатно. Сам баскетболист хочет вернуться в Россию.
  ","Sun, 22 Feb 2015 16:25:00 +0300"
"В СБУ сообщили о задержаниях после взрыва в Харькове",http://lenta.ru/news/2015/02/22/sbu/,"
    Служба безопасности Украины (СБУ) задержала людей, которые могут быть причастны к подготовке взрыва в Харькове. Об этом сообщил советник главы СБУ Маркиян Лубкивский. Ранее прокуратура Харьковской области возбудила дело по статье «Террористический акт». Взрыв на марше в центре города произошел днем 22 февраля.
  ","Sun, 22 Feb 2015 16:11:00 +0300"
"Взрыв на шествии в Харькове признали терактом",http://lenta.ru/news/2015/02/22/kharkov1/,"
    Прокуратура Харьковской области возбудила уголовное дело по факту взрыва на шествии. «Прокуратура возбудила уголовное дело по статье 258 Уголовного кодекса Украины ""Террористический акт""», — рассказали в пресс-службе. Ведомство инициировало досудебную проверку. В результате взрыва погибли три человека.<br />
  ","Sun, 22 Feb 2015 15:56:00 +0300"
"Наблюдатели ОБСЕ нашли в Дебальцево признаки гуманитарной катастрофы",http://lenta.ru/news/2015/02/22/osce/,"
    Наблюдатели ОБСЕ, посетившие Дебальцево, обнаружили в городе признаки гуманитарной катастрофы. «Не было ни одного строения, которое не было бы повреждено от снарядов, ни одного здания», — сказала представитель специальной мониторинговой миссии организации на Украине Ирина Гудыма. 
  ","Sun, 22 Feb 2015 15:45:00 +0300"
"В харьковской прокуратуре сообщили о трех погибших во время марша",http://lenta.ru/news/2015/02/22/3dead/,"
    Три человека погибли, еще десять получили ранения во время марша в Харькове. Такие данные приводит областная прокуратура. В пресс-службе МВД подтверждают гибель одного демонстранта. Сообщается, что среди раненых — сотрудник милиции. По словам очевидцев, из окна проезжающей мимо машины бросили гранату.
  ","Sun, 22 Feb 2015 15:16:00 +0300"
"Россия победила Украину во Всемирной серии бокса",http://lenta.ru/news/2015/02/22/boxing/,"
    «Российская команда бокса» в рамках прошедшего в Волгограде шестого тура группового турнира Всемирной серии одержала верх над «Украинскими атаманами». Поединки во всех пяти весовых категориях завершились победой представителей России. Лидерство в общем зачете сохраняют кубинцы.
  ","Sun, 22 Feb 2015 15:11:00 +0300"
"В Харькове два человека погибли при взрыве во время шествия",http://lenta.ru/news/2015/02/22/kharkov/,"
    В Харькове два человека погибли при взрыве во время шествия, пострадали восемь демонстрантов. На патриотический марш возле Дворца спорта собрались порядка 500 активистов. На месте происшествия работают бригады скорой помощи. По словам очевидцев, из окна проезжающей мимо машины бросили гранату.
  ","Sun, 22 Feb 2015 14:51:00 +0300"
"Мэр Донецка объявил об окончании зачистки Дебальцево",http://lenta.ru/news/2015/02/22/martynov/,"
    Дебальцево полностью очищено от украинских силовиков. Об этом заявил мэр Донецка Игорь Мартынов. «Дебальцево все зачищено, и мы идем дальше», — сказал Мартынов со сцены на празднике Масленицы в Донецке. 21 февраля в ДНР сообщали, что в городе остаются около 500 силовиков.
  ","Sun, 22 Feb 2015 14:40:00 +0300"
"Кобзон стал народным артистом ЛНР",http://lenta.ru/news/2015/02/22/kobzon1/,"
    Депутат Госдумы и певец Иосиф Кобзон награжден званием народного артиста самопровозглашенной Луганской народной республики. Об этом сообщили в Народном совете ЛНР. Кобзон прибыл в Луганск, чтобы выступить на мероприятиях, посвященных Дню защитника Отечества. 
  ","Sun, 22 Feb 2015 14:05:00 +0300"
"Семенченко опроверг информацию об уходе из «Донбасса»",http://lenta.ru/news/2015/02/22/semenchenko1/,"
    Командир батальона «Донбасс» Семен Семенченко опроверг информацию о своей отставке. «Информация, распространяемая на моей странице, является фейковой. Никакого заявления об отставке я не писал, страница взломана», — подчеркнул  Семенченко в разговоре с радиостанцией «Коммерсантъ FM».
  ","Sun, 22 Feb 2015 13:32:00 +0300"
"В Сирии освободили шведского журналиста",http://lenta.ru/news/2015/02/22/journalist/,"
    Сирийские власти освободили шведского журналиста, об исчезновении которого на границе в Турцией сообщалось 21 февраля. 30-летний корреспондент по имени Джоакин Медин рассказал, что чувствует себя нормально. «Я изможден физически и морально, но со мной все в порядке», — отметил он. 
  ","Sun, 22 Feb 2015 13:23:00 +0300"
"Подруга погибшей биатлонистки рассказала о ее лечении",http://lenta.ru/news/2015/02/22/friends/,"
    Подруга биатлонистки Алины Якимкиной, скоропостижно скончавшейся во время гонки на этапе Кубка России в Тюмени, рассказала, что ранее девушка проходила курс лечения. По словам министра по физической культуре, спорту и молодежной политике Удмуртии Игоря Краснова, смерть не могла быть вызвана допингом или лекарствами.
  ","Sun, 22 Feb 2015 13:08:00 +0300"
"В батальоне «Донбасс» сообщили о рапорте Семенченко об отставке",http://lenta.ru/news/2015/02/22/semenchenko/,"
    Семен Семенченко подал рапорт об отставке с должности командира батальона «Донбасс». «Совмещать пост народного депутата Украины и командира военного подразделения оказалось крайне сложной задачей», — говорится в заявлении, размещенном на странице батальона в Facebook.
  ","Sun, 22 Feb 2015 12:57:00 +0300"
"«Калашников» представил заводской вариант модернизации автомата",http://lenta.ru/news/2015/02/22/newak/,"
    Концерн «Калашников» продемонстрировал на выставке IDEX-2015 в Абу-Даби заводской вариант модернизации автоматов АК «сотой» серии. Оружие оснащено прикладами изменяемой длины с регулируемой высотой щеки, доработанной крышкой ствольной коробки с двумя точками крепления и другим оборудованием.
  ","Sun, 22 Feb 2015 12:30:00 +0300"
"Депутат Думы предложил разместить правительство Украины в изгнании в Донбассе",http://lenta.ru/news/2015/02/22/deputatus/,"
    Депутат Госдумы от «Справедливой России» Михаил Емельянов заявил, что правительство Украины в изгнании должно  разместиться в Донбассе. «Ополченцы контролируют уже довольно обширную территорию, поэтому правительство может действовать и на их территории», — отметил Емельянов.
  ","Sun, 22 Feb 2015 12:25:00 +0300"
"Обладатель Кубка Кости Цзю погиб под Дебальцево",http://lenta.ru/news/2015/02/22/mushtranov/,"
    Мастер спорта по боксу Федор Муштранов погиб под Дебальцево. Подразделение воевавшего на стороне ополченцев 32-летнего спортсмена попало под обстрел в районе селения Логвиново. Другие обстоятельства смерти не сообщаются. В 2008 году боксер стал обладателем Кубка Кости Цзю.
  ","Sun, 22 Feb 2015 11:26:00 +0300"
"В  ДНР рассказали о сроках отвода тяжелого вооружения",http://lenta.ru/news/2015/02/22/basurin/,"
    Ополчение Донбасса планирует в течение двух недель отвести тяжелое вооружение от линии соприкосновения. «Сегодня ночью план был подписан. Сегодняшний день определен как день ""Д"". То есть дается две недели на отвод тяжелых вооружений», — сказал представитель Минобороны ДНР Эдуард Басурин.
  ","Sun, 22 Feb 2015 11:19:00 +0300"
"«Калашников» займется производством беспилотников",http://lenta.ru/news/2015/02/22/kalashnikov/,"
    Концерн «Калашников», входящий в госкорпорацию «Ростех», договорился о приобретении контрольного пакета акций российского разработчика и производителя беспилотников ZALA Aero. Концерн планирует наладить в России выпуск разведывательных беспилотных летательных аппаратов разных типов.
  ","Sun, 22 Feb 2015 11:01:00 +0300"
"Головкин повторил рекорд Тайсона",http://lenta.ru/news/2015/02/22/golovkin/,"
    Казахстанский боксер Геннадий Головкин нокаутировал британца Мартина Мюррея в поединке за титулы чемпиона мира по версии WBA и «временного» чемпиона по версии WBC в весовой категории до 72,6 килограмма. Зафиксировав 19-й нокаут подряд, казахстанец повторил рекорд Майка Тайсона.
  ","Sun, 22 Feb 2015 10:48:00 +0300"
"Кобзон устроит два концерта жителям Луганска",http://lenta.ru/news/2015/02/22/kobzon/,"
    Депутат Госдумы и певец Иосиф Кобзон в воскресенье, 22 февраля, даст в Луганске два концерта, посвященных Дню защитника Отечества. Одно выступление артист проведет для гражданских лиц, другое — для военных. Ранее Кобзон посещал Луганск 28 октября. Тогда он встретился с ополченцами и исполнил свои песни в местном ДК. <br />
  ","Sun, 22 Feb 2015 10:22:00 +0300"
"Россия представит на выставке в Абу-Даби танк Т-90 для стран Персидского залива",http://lenta.ru/news/2015/02/22/t90/,"
    «Уралвагонзавод» представит на международной оружейной выставке IDEX-2015, которая открывается 22 февраля в Абу-Даби, танк Т-90 специальной модификации для стран Персидского залива. Это будет первая демонстрация новой модели. Танк оснащен 120-миллиметровой пушкой и оборудованием для работы в жарком климате. 
  ","Sun, 22 Feb 2015 09:57:00 +0300"
"Кэмерон Диаз и Майкл Бэй получили «Золотую малину»",http://lenta.ru/news/2015/02/22/hudo/,"
    В Лос-Анджелесе прошла церемония награждения премией «Золотая малина», которой отмечаются худшие образцы кинематографического искусства. Худшей актрисой стала Кэмерон Диаз за две роли — в фильмах «Другая женщина» и «Домашнее видео: Только для взрослых». Звание худшего режиссера досталось американцу Майклу Бэю за «Трансформеры 4: Эпоха истребления».<br />
  ","Sun, 22 Feb 2015 08:43:00 +0300"
"Турция провела военную операцию по спасению своих солдат в Сирии",http://lenta.ru/news/2015/02/22/turkey/,"
    Турецкая армия успешно провела операцию по эвакуации из Сирии 40 солдат, охранявших усыпальницу предка правителей Османской империи Сулеймана Шаха. В операции приняли участие 750 военнослужащих, один из них погиб в результате несчастного случая. Турецкий премьер сообщил, что останки Сулеймана Шаха также эвакуированы.
  ","Sun, 22 Feb 2015 08:16:00 +0300"
"Перчатки Мохаммеда Али и его соперника продали почти за миллион долларов",http://lenta.ru/news/2015/02/22/gloves/,"
    Перчатки боксера Мохаммеда Али и его соперника Сонни Листона, в которых они провели знаменитый матч в 1965 году, проданы с аукциона в Нью-Йорке за 956 тысяч долларов. Имя нового владельца не уточняется. Перчатки долгое время хранил судья Джордж Руссо, затем он продал их коллекционеру, который выставил их на торги.
  ","Sun, 22 Feb 2015 07:24:00 +0300"
"Ирландский пастор увидел в йоге «царство тьмы»",http://lenta.ru/news/2015/02/22/ioga/,"
    Североирландский католический священник предупреждает, что занятия йогой ведут христиан в «дурную духовную область» и под контроль сатаны. Возможно и безопасное увлечение этими практиками, но риск всегда присутствует. Пастор уверен, что опыт других культур вне христианской догмы опасен.
  ","Sun, 22 Feb 2015 07:16:00 +0300"
"Джефф Монсон пожертвовал детям Донбасса свой гонорар за бой",http://lenta.ru/news/2015/02/22/monson/,"
    Известный американский боец Джефф Монсон после победы на турнире по смешанным единоборствам «Оплот 108: во славу Отечества» пожертвовал гонорар за бой Донбассу. «Весь гонорар от поединка я жертвую детям Донбасса, которые страдают от войны. Им эти деньги нужнее», — заявил 44-летний американец. 
  ","Sun, 22 Feb 2015 05:50:00 +0300"
"Машина с 20 пассажирами попала под поезд в Индии",http://lenta.ru/news/2015/02/22/indiacrash/,"
    Восемь человек погибли, еще 12 тяжело пострадали в минувшую субботу на востоке Индии в результате столкновения пассажирского поезда с автомобилем, который пересекал один из многих неохраняемых переездов. Поезд врезался в машину, в которой находились 20 человек из одной семьи. Они возвращались домой после свадьбы.
  ","Sun, 22 Feb 2015 05:13:00 +0300"
"В техасской тюрьме две тысячи заключенных устроили беспорядки",http://lenta.ru/news/2015/02/22/texas_riot/,"
    Более двух тысяч заключенных тюрьмы американского города Рэймондвилл, штат Техас, почти двое суток протестовали против плохого качества медицинского обслуживания. Правоохранительным органам совместно с сотрудниками тюрьмы практически удалось взять ситуацию под контроль. Пострадавших в ходе беспорядков нет. 
  ","Sun, 22 Feb 2015 04:53:00 +0300"
"Порошенко отказался отмечать 23 февраля",http://lenta.ru/news/2015/02/22/netotden/,"
    Президент Украины сообщил, что не планирует отмечать 23 февраля. Он надеется, что другие последуют его примеру. На Украине введен аналог Дня защитника Отечества — 14 октября. Глава государства договорился со своей женой, что в его семье с поздравлениями потерпят до новой даты.
  ","Sun, 22 Feb 2015 03:20:00 +0300"
"Правозащитники обвинили КНДР в организации рабского труда  ",http://lenta.ru/news/2015/02/22/rabstvo/,"
    Южнокорейские правозащитники обратились в ООН с просьбой проверить практику рабского труда жителей КНДР за рубежом. Режим направил более 100 тысяч северокорейцев на низкооплачиваемую работу в другие страны, в том числе четверть — в Россию. Их заработки конфискуются на личные нужды вождя.
  ","Sun, 22 Feb 2015 02:52:00 +0300"
"На обороте двух картин Сезанна нашли неизвестные эскизы",http://lenta.ru/news/2015/02/22/sezann/,"
    Два неизвестных ранее наброска Поля Сезанна найдены на обратной стороне его картин. Фонд Барнса в Филадельфии, отдавая  акварели художника на реставрацию, попросил заменить оберточную бумагу на заднике. Под бумагой и нашли два рисунка — карандашом и красками. Это самая значительная находка неизвестных работ художника.
  ","Sun, 22 Feb 2015 02:10:09 +0300"
"Азаров сообщил подробности свержения власти на Украине",http://lenta.ru/news/2015/02/22/azarov/,"
    Бывший украинский премьер-министр Николай Азаров рассказал телеканалу НТВ, как прошлой зимой происходила смена власти на Украине. По его словам, сценарий госпереворота был написан в посольстве США. Из-за отказа подписать соглашение о евроинтеграции на власти Украины оказывалось колоссальное давление. 
  ","Sun, 22 Feb 2015 00:42:00 +0300"
"Президент Афганистана заявил о возможности мирных переговоров с талибами",http://lenta.ru/news/2015/02/21/talib/,"
    Президент Афганистана считает текущий момент самым подходящим для начала мирных переговоров с талибами. Источники сообщают о возможности первых контактов сторон уже в марте. В том же месяце Ашраф Гани отправится в Вашингтон, где, возможно, обсудит изменения в графике вывода из страны войск США и НАТО.
  ","Sun, 22 Feb 2015 00:33:00 +0300"
"Два человека найдены убитыми в Новой Москве",http://lenta.ru/news/2015/02/21/killkill/,"
    Два человека найдены убитыми в доме в Новой Москве. Об этом «Интерфаксу» сообщил источник в правоохранительных органах. По его данным, в поселке Шишкин Лес в одном из домов были обнаружены тела двух человек, один из которых был застрелен в затылок, а второй найден повешенным.
  ","Sat, 21 Feb 2015 23:39:00 +0300"
"В Москве у инкассаторов отобрали 30 миллионов рублей",http://lenta.ru/news/2015/02/21/inkasso/,"
    На востоке столицы трое преступников в масках, угрожая оружием, отобрали у инкассаторов 30 миллионов рублей. Инцидент произошел на проспекте Буденного, нападавшие скрылись с добычей. Это далеко не первое хищение крупной суммы у перевозчиков за последние несколько месяцев. 
  ","Sat, 21 Feb 2015 23:37:23 +0300"
"Владимир Маркин и Стас Пьеха спели на Первом канале песню про Родину",http://lenta.ru/news/2015/02/21/markin/,"
    Официальный представитель Следственного комитета России Владимир Маркин и российский певец Станислав Пьеха в эфире на Первого канала исполнили дуэтом совместно написанную композицию «У нас Родина одна». Маркин и Пьеха принимали в субботу, 21 февраля, участие в передаче «Кто хочет стать миллионером». 
  ","Sat, 21 Feb 2015 22:53:56 +0300"
"Моторола опроверг сообщение о своей смерти",http://lenta.ru/news/2015/02/21/alive/,"
    Один из лидеров ополченцев ДНР Моторола опроверг заявление Службы безопасности Украины о своей смерти. «Я уже не знаю, что с этим делать. Не понимаю, какая у них закономерность. В шестой или седьмой раз в аэропорту меня ""убивают""», — заявил он LifeNews. «Все нормально. Жив-здоров», — добавил он.
  ","Sat, 21 Feb 2015 22:28:00 +0300"
"Керри пожелал славы Украине",http://lenta.ru/news/2015/02/21/kerry/,"
    Госсекретарь США Джон Керри использовал лозунг «Слава Украине» в своем заявлении по случаю годовщины смены власти в этой стране. Приветствие и лозунг «Слава Украине! Героям слава!» использовались украинскими националистами в период Второй мировой войны. Позже фраза стала главным девизом Евромайдана.
  ","Sat, 21 Feb 2015 22:07:00 +0300"
"В ДНР и ЛНР подготовили план отвода тяжелых вооружений",http://lenta.ru/news/2015/02/21/vooruzenie/,"
    Главы самопровозглашенных республик ЛНР и ДНР подписали план отвода тяжелых вооружений в соответствии с минскими договоренностями от 12 февраля. Его подробности неизвестны. Наблюдатели из ОБСЕ попросили стороны конфликта безотлагательно сообщить, где сейчас находится боевая техника, когда и куда она выводится.
  ","Sat, 21 Feb 2015 21:48:00 +0300"
"Ополченцы передали Киеву 140 пленных",http://lenta.ru/news/2015/02/21/plen/,"
    Представители самопровозглашенных Донецкой и Луганской народных республик передали украинским силовикам 140 человек в ходе обмена пленными. По словам омбудсмена ДНР Дарьи Морозовой, силовики передали 16 сторонников ЛНР и 36 ополченцев ДНР. Среди освобожденных четыре женщины.
  ","Sat, 21 Feb 2015 20:40:00 +0300"
"В Луганской области начался обмен пленными",http://lenta.ru/news/2015/02/21/exchange/,"
    На нейтральной территории в Луганской области начался обмен пленными между Киевом и ополченцами. Он проходит вблизи населенного пункта Желобок Славяносербского района. Сторонники самопровозглашенной ДНР доставили для обмена 35 человек, силовики привезли 37 донецких активистов. 
  ","Sat, 21 Feb 2015 19:52:00 +0300"
"Горбачев назвал Януковича изжившим себя политиком",http://lenta.ru/news/2015/02/21/gorbachev/,"
    Первый президент СССР Михаил Горбачев заявил, что бывший украинский лидер Виктор Янукович изжил себя как политик. «В этих делах мы, демократы, говорим — как люди решат, но я думаю, он себя изжил», — пояснил Горбачев, добавив, что придерживается в целом положительного мнения о Януковиче. 
  ","Sat, 21 Feb 2015 19:48:00 +0300"
"Футболист «Челси» попросил сделать для него задние щитки",http://lenta.ru/news/2015/02/21/hazard/,"
    Футболист лондонского «Челси» Эден Азар попросил сделать для него специальные щитки, которые прикрывали бы заднюю часть голени. Таким образом игрок выразил протест против участившихся случаев грубой игры в отношении него. В настоящее время в футболе используются только щитки, прикрывающие переднюю часть голени.
  ","Sat, 21 Feb 2015 19:32:42 +0300"
"Наблюдатели ОБСЕ попали в Дебальцево",http://lenta.ru/news/2015/02/21/osce1/,"
    Наблюдатели ОБСЕ попали в Дебальцево Донецкой области, где, по данным минобороны ДНР, продолжаются бои. Представители организации въехали на территорию города, после того как получили гарантии безопасности от ополченцев. Ранее сообщалось, что миссия ОБСЕ посетит Дебальцево 22 февраля. 
  ","Sat, 21 Feb 2015 19:06:00 +0300"
"Полиция оценила численность «Антимайдана» в 40 тысяч человек",http://lenta.ru/news/2015/02/21/mnogo/,"
    В демонстрации движения «Антимайдан» в Москве приняли участие до 40 тысяч человек, подсчитали в столичном ГУМВД. В то же время один из лидеров движения, глава байкеров «Ночные волки» Александр Залдостанов, более известный как Хирург заявил, что на митинг пришло не менее 100 тысяч человек. 
  ","Sat, 21 Feb 2015 18:56:00 +0300"
"Американского гонщика отстранили от соревнований из-за домашнего насилия",http://lenta.ru/news/2015/02/21/bbpe/,"
    Национальная Ассоциация гонок серийных автомобилей отстранила американского пилота Курта Буша от соревнований из-за домашнего насилия. Вердикт о виновности спортсмена в преступлении вынес суд штата Делавэр. Буш подвергал насилию свою бывшую подругу Патрисию Дрисколл: во время ссор он бил ее головой о стену.
  ","Sat, 21 Feb 2015 18:06:55 +0300"
"Российский лыжник выиграл 30-километровую гонку на чемпионате мира",http://lenta.ru/news/2015/02/21/vylegzhanin/,"
    Российский лыжник Максим Вылегжанин выиграл 30-километровый скиатлон на проходящем в Швеции чемпионате мира. 32-летний россиянин финишировал первым, второе место занял трехкратный олимпийский чемпион Дарио Колонья, третьим стал канадец Алекс Арвэ. Таким образом, Вылегжанин впервые в карьере стал чемпионом мира.
  ","Sat, 21 Feb 2015 18:04:00 +0300"
"Порошенко рассказал о нетерпеливом ожидании Януковича",http://lenta.ru/news/2015/02/21/poroshenko/,"
    Президент Украины Петр Порошенко заявил, что в стране с нетерпением ждут бывшего главу государства Виктора Януковича, который заявил о желании вернуться на родину. «Чем быстрее он вернется в Украину, тем лучше будет для Украины. Пусть возглавит протестное движение. В лучшем случае — в тюрьме», — отметил Порошенко. 
  ","Sat, 21 Feb 2015 18:01:00 +0300"
"Песков посчитал лишение российских СМИ аккредитации неэффективным",http://lenta.ru/news/2015/02/21/smi/,"
    Пресс-секретарь президента России Дмитрий Песков считает, что решение Киева лишить ряд российских СМИ аккредитации не будет эффективным при наличии современных технологий. Также, по мнению Пескова, решение Службы безопасности Украины не соответствует нормам демократического государства.
  ","Sat, 21 Feb 2015 17:31:00 +0300"
"В СБУ заявили об убийстве Моторолы ополченцами",http://lenta.ru/news/2015/02/21/motorola/,"
    В Службе безопасности Украины (СБУ) сообщили, что полевой командир ополчения Моторола, скорее всего, убит. «Возможно, его собратья уже и уничтожили. Они уничтожают друг друга, пытаясь выйти на оперативные позиции», — заявил руководитель главного следственного управления СБУ Василий Вовк.
  ","Sat, 21 Feb 2015 17:21:00 +0300"
"Михалков пообещал показать жителям Донецка «Солнечный удар»",http://lenta.ru/news/2015/02/21/michalkov/,"
    Режиссер Никита Михалков сообщил, что собирается поехать в Донецк и устроить там показ своего фильма «Солнечный удар». «Мне сделали такое предложение, и я на него согласился», — сказал он. В мероприятии примет участие исполнительница главной роли в картине — уроженка города Торез Донецкой области Виктория Соловьева. 
  ","Sat, 21 Feb 2015 17:15:00 +0300"
"Азаров задумался о создании правительства Украины в изгнании",http://lenta.ru/news/2015/02/21/azarov/,"
    Бывший премьер Украины Николай Азаров заявил о необходимости создания правительства Украины в изгнании. «Представительный орган, который представлял бы интересы громадного количества людей оппозиционного направления, которые были вынуждены уехать из страны, такой орган необходим», — сказал он.
  ","Sat, 21 Feb 2015 16:35:00 +0300"
"СБУ предложила лишить аккредитации федеральные российские телеканалы",http://lenta.ru/news/2015/02/21/sbu/,"
    В список российских СМИ, которые Служба безопасности Украины предлагает лишить аккредитации при украинских государственных органах, вошли все российские телеканалы, кроме «Дождя». Также в списке СБУ оказалось информационное агентство «Россия сегодня». Всего в перечне 100 СМИ.
  ","Sat, 21 Feb 2015 15:30:29 +0300"
"В Тюмени биатлонистка умерла во время гонки Кубка России",http://lenta.ru/news/2015/02/21/yakimkina/,"
    Удмуртская биатлонистка Алина Якимкина умерла во время гонки на этапе Кубка России в Тюмени. Спортсменка скончалась в результате остановки сердца. Находившиеся на трассе врачи не сумели спасти 21-летнюю девушку. Якимкина становилась призером юниорского первенства России-2014.
  ","Sat, 21 Feb 2015 15:29:00 +0300"
"Промоутер-транссексуал решила вернуться в бокс",http://lenta.ru/news/2015/02/21/maloney/,"
    Транссексуал Келли Мэлоуни планирует вернуться к работе боксерским промоутером. Для этого ей необходимо вновь получить специальную лицензию, от которой она отказалась в 2013 году, готовясь к операции по смене пола. До процедуры транссексуал был известен как Фрэнк Мэлоуни — бывший менеджер Леннокса Льюиса.
  ","Sat, 21 Feb 2015 15:12:00 +0300"
"В Москве завершился митинг «Антимайдана»",http://lenta.ru/news/2015/02/21/antimaydan2/,"
    В Москве на площади Революции завершился митинг-концерт движения «Антимайдан», приуроченный к годовщине смены власти на Украине. Ведущими митинга были писатель Николай Стариков, певица Вика Цыганова. Также перед собравшимися выступили певица Юлия Чичерина, глава байкерского клуба «Ночные волки» Александр Залдостанов.
  ","Sat, 21 Feb 2015 14:41:00 +0300"
"Киев заподозрил ополченцев в желании наступать на Мариуполь",http://lenta.ru/news/2015/02/21/mariupol/,"
    Украинские силовики ждут нападения ополченцев на Мариуполь. «На мариупольском направлении происходит наращивание численности военной техники, вооружения и живой силы противника с целью возможного наступления на город Мариуполь», — заявил пресс-секретарь АТО Андрей Лысенко.
  ","Sat, 21 Feb 2015 14:37:00 +0300"
"Билеты на бой Мэйуэзера и Пакьяо раскупили за 15 минут",http://lenta.ru/news/2015/02/21/tickets/,"
    Билеты на бой американца Флойда Мэйуэзера и филиппинца Мэнни Пакьяо, который пройдет 2 мая в Лас-Вегасе, были распроданы за 15 минут. Кроме того, за несколько минут были забронированы все номера на 1 и 2 мая в отеле комплекса MGM Grand. Цена за ночь на эти даты составляет 615 долларов.
  ","Sat, 21 Feb 2015 13:52:00 +0300"
"Три человека погибли при попадании снаряда в кафе в Авдеевке",http://lenta.ru/news/2015/02/21/avdeevka/,"
    Трое мужчин погибли в результате обстрела города Авдеевка Донецкой области. Об этом сообщил начальник ГУ МВД Украины в регионе Вячеслав Аброськин. «Прямое попадание снаряда в кафе ""Бревно"", район Индустриального проезда», — написал он. По словам Аброськина, стрельбу устроили сторонники ДНР.
  ","Sat, 21 Feb 2015 13:38:00 +0300"
"Китаец убил кирпичом трех человек в доме престарелых",http://lenta.ru/news/2015/02/21/chinese/,"
    В Китае вооруженный кирпичом мужчина убил троих и ранил еще 15 человек в доме престарелых. Инцидент произошел в провинции Хунань. По версии следствия, нападавший — бывший сотрудник учреждения Ло Рэнчу. Сообщается, что мужчине удалось скрыться. Его поиском занимается полиция.<br />
  ","Sat, 21 Feb 2015 13:19:00 +0300"
"В Москве началось шествие «Антимайдана»",http://lenta.ru/news/2015/02/21/antimaydan/,"
    В Москве началась акция движения «Антимайдан», посвященная годовщине смены власти на Украине. Среди участников акции представители ветеранских организаций, члены молодежных объединений, казаки. Собравшиеся держат транспаранты «Россия и Чечня — пример борьбы с международным терроризмом», «Мы за Донбасс».
  ","Sat, 21 Feb 2015 13:12:00 +0300"
"Пресс-секретаря «Мосзеленхоза» уволят за аморальное поведение",http://lenta.ru/news/2015/02/21/moszelenhoz/,"
    Пресс-секретарь «Мосзеленхоза» Игорь Колосков будет уволен после ДТП в центре Москвы с его участием. Вечером в пятницу, 20 февраля, Колосков, управляя автомобилем в нетрезвом состоянии, протаранил три машины. Мужчина также снес заградительные столбики возле здания Главного управления МВД РФ по Москве.<br />
  ","Sat, 21 Feb 2015 12:26:00 +0300"
"Янукович пообещал защитить украинцев от беззакония",http://lenta.ru/news/2015/02/21/yanukovich/,"
    Бывший президент Украины Виктор Янукович заявил, что готов защитить сограждан от беззакония. «Если Господь Бог даст мне возможность сделать то, что нужно сегодня людям, чтобы защитить их права, защитить их от того бесчинства и беззакония, которое есть в стране, я сделаю все», — сказал он.
  ","Sat, 21 Feb 2015 12:17:00 +0300"
"Отдыхавший на турбазе мужчина найден мертвым в лесу Иркутской области",http://lenta.ru/news/2015/02/21/irkutsk/,"
    В Иркутской области в лесу обнаружено тело местного жителя, который уехал с друзьями на базу отдыха и перестал выходить на связь. По предварительным данным, причиной смерти стало обморожение. В поисках пропавшего были задействованы сотрудники правоохранительных органов, спасатели и добровольцы. 
  ","Sat, 21 Feb 2015 12:04:00 +0300"
"В ДНР сообщили о 500 остающихся под Дебальцево силовиках",http://lenta.ru/news/2015/02/21/dnr/,"
    В Минобороны самопровозглашенной Донецкой народной республики (ДНР) утверждают, что в окружении под Дебальцево остаются около 500 силовиков. «Разрозненными группами они пытаются прорваться из окружения, поэтому были некоторые столкновения», — рассказали в оборонном ведомстве ДНР.
  ","Sat, 21 Feb 2015 11:57:00 +0300"
"СБУ подготовила список российских СМИ для лишения аккредитации ",http://lenta.ru/news/2015/02/21/accreditation/,"
    Служба безопасности Украины подготовила список российских СМИ, которых предлагается лишить аккредитации при украинских государственных органах. Документ передан в аппарат Верховной Рады. Какие именно издания оказались в перечне, не сообщается. С апреля 2014 года из Украины были выдворены 88 российских журналистов.
  ","Sat, 21 Feb 2015 11:33:00 +0300"
"В ЛНР назвали дату посещения миссией ОБСЕ Дебальцево",http://lenta.ru/news/2015/02/21/debaltsevo/,"
    Миссия ОБСЕ должна посетить Дебальцево 22 февраля. Об этом рассказал зампред народного совета самопровозглашенной Луганской народной республики Владислав Дейнего. «ОБСЕ запросила доступ в Дебальцево на 22 число. На 22 число им доступ сюда будет обеспечен, они завтра без проблем туда въедут», — заявил он.
  ","Sat, 21 Feb 2015 11:07:00 +0300"
"На Сахалине с оторвавшейся льдины спасли более 200 рыбаков ",http://lenta.ru/news/2015/02/21/ice/,"
    На Сахалине сотрудники МЧС спасли 224 рыбака с оторвавшейся льдины. Спасатели доставили людей на берег, их жизни и здоровью ничто не угрожает. Облет льдины на вертолете показал, что рыбаков на ней не осталось. В спасательной операции было задействовано 78 человек и 20 единиц техники.
  ","Sat, 21 Feb 2015 10:59:00 +0300"
"В Удмуртии пьяный полицейский наехал на женщину и скрылся с места ДТП",http://lenta.ru/news/2015/02/21/udmurtia/,"
    В Удмуртии полицейский на автомобиле Chevrolet Cruze наехал на женщину и скрылся с места ДТП. «При проведении розыскных мероприятий сотрудниками полиции данный автомобиль найден, водитель задержан. Им оказался сотрудник МВД, у которого были выявлены признаки алкогольного опьянения», — сообщили в полиции.
  ","Sat, 21 Feb 2015 10:49:00 +0300"
"Мэйуэзер подписал контракт на бой с Пакьяо",http://lenta.ru/news/2015/02/21/mayweather/,"
    Американский боксер Флойд Мэйуэзер объявил о подписании контракта на бой с филиппинцем Мэнни Пакьяо. Поединок пройдет 2 мая 2015 года в комплексе MGM Grand в Лас-Вегасе. Информация о суммах гонораров не разглашается, но известно, что вознаграждение будет разделено в долях 60 на 40 в пользу Мэйуэзера.
  ","Sat, 21 Feb 2015 10:28:00 +0300"
"Госслужба Украины по чрезвычайным ситуациям рассказала о разминировании Донбасса",http://lenta.ru/news/2015/02/21/donbass/,"
    С июня 2014 года на востоке Украины были обнаружены более 33 тысяч боеприпасов. Такие данные привела Госслужба Украины по чрезвычайным ситуациям. Кроме того, пиротехниками было проверено более тысячи административных зданий. Общая площадь обследованной территории составила 1672,2 гектара. 
  ","Sat, 21 Feb 2015 09:59:00 +0300"
"Стоимость бананов в российских магазинах достигла пятнадцатилетнего максимума",http://lenta.ru/news/2015/02/21/bananas/,"
    Стоимость бананов в российской рознице достигла максимального значения за последние 15 лет. Участники рынка и эксперты связывают это с девальвацией рубля и повышенным спросом. Средняя стоимость килограмма бананов в январе 2015 года выросла на 48 процентов к январю прошлого года — до 70,8 рубля.
  ","Sat, 21 Feb 2015 09:24:00 +0300"
"Фильм «Тимбукту» стал триумфатором премии «Сезар»",http://lenta.ru/news/2015/02/21/cesar/,"
    Мавританский фильм «Тимбукту» стал триумфатором французской кинопремии «Сезар». Лента, рассказывающая о зверском режиме религиозных фанатиков, получила семь наград из восьми номинаций. Режиссер картины Абдеррахман Сиссако был признан лучшим режиссером. Он стал первым представителем Африки, кому досталась эта премия.
  ","Sat, 21 Feb 2015 08:57:00 +0300"
"При взрывах на ярмарке в Гондурасе пострадали около 70 человек",http://lenta.ru/news/2015/02/21/honduras/,"
    На сельскохозяйственной ярмарке в столице Гондураса Тегусигальпе прогремело несколько взрывов. Пострадали более 70 человек, в их числе шестеро детей. Власти города обратились к местным жителям с просьбой сдать кровь для раненых. По предварительным данным, причиной взрывов стала утечка газа
  ","Sat, 21 Feb 2015 08:08:25 +0300"
"Пожар в небоскребе «Факел» в Дубае потушен",http://lenta.ru/news/2015/02/21/itsover/,"
    Пожар, который вспыхнул в жилом небоскребе «Факел» (The Torch), расположенном в крупнейшем городе ОАЭ Дубае, был потушен за 3 часа. Жильцы небоскреба, а также двух соседних башен были эвакуированы. Все дороги, ведущие к зданию, перекрыла полиция. О причинах возгорания пока не сообщается.
  ","Sat, 21 Feb 2015 07:59:25 +0300"
"Шведский журналист пропал на сирийско-турецкой границе",http://lenta.ru/news/2015/02/21/journalist/,"
    Шведский независимый журналист пропал на границе между Сирией и Турцией. В последний раз 30-летний мужчина, чье имя не называется, выходил на связь 16 февраля. В это время репортер находился в городе Газиантеп, откуда он собирался попасть на подконтрольную группировке «Исламское государство» территорию.
  ","Sat, 21 Feb 2015 07:11:00 +0300"
"Двух европейцев осудили за покушение на Моралеса",http://lenta.ru/news/2015/02/21/morales/,"
    Суд Боливии приговорил двух европейцев к тюремному заключению сроком на пять лет и 10 месяцев за подготовку покушения на президента страны Эво Моралеса. Граждане Хорватии и Венгрии Марио Тадич и Элод Тоасо, имеющие боливийское подданство, получили тюремный срок за попытку вооруженного восстания против государства.
  ","Sat, 21 Feb 2015 06:29:00 +0300"
"В Дании сорван рекордный джекпот в лотерее",http://lenta.ru/news/2015/02/21/lottery/,"
    В Дании была выиграна самая большая в истории страны сумма в лотерее EuroJackpot. Победитель стал обладателем около 42,2 миллиона евро. Выигрышный билет был приобретен в одном из супермаркетов в городе Хельсингер. До этого розыгрыша самая большая сумма, выигранная в стране, составляла около 18 миллионов евро. 
  ","Sat, 21 Feb 2015 05:33:00 +0300"
"В Дубае загорелся небоскреб «Факел»",http://lenta.ru/news/2015/02/21/irony/,"
    В крупнейшем городе Объединенных Арабских Эмиратов загорелся один из самых высоких жилых домов в мире, около тысячи человек были эвакуированы. Возгорание в здании «Факел» высотой около 336 метров началось с 50-го этажа. Жильцы были немедленно эвакуированы, о пострадавших не сообщается.
  ","Sat, 21 Feb 2015 05:01:00 +0300"
"В Киеве арестован депутат Верховной Рады Михаил Чечетов",http://lenta.ru/news/2015/02/21/chechetov/,"
    Печерский районный суд Киева на два месяца арестовал бывшего депутата Верховной Рады и первого замглавы фракции Партии регионов Михаила Чечетова. Он будет находиться под стражей до 14 апреля. При этом суд оставил ему возможность выйти под залог в 5 миллионов гривен, однако Чечетов заявил, что у него таких денег нет.
  ","Sat, 21 Feb 2015 04:20:00 +0300"
"В Великобритании нашли неизвестный ранее рассказ о Шерлоке Холмсе ",http://lenta.ru/news/2015/02/21/elementarno/,"
    В Великобритании была найдена рукопись ранее неизвестного рассказа о Шерлоке Холмсе. По словам нашедшего рукопись 80-летнего историка Уолтера Эллиота, рассказ был написан Конан Дойлем для продажи на благотворительном мероприятии в честь восстановления моста в городе Селкирк.
  ","Sat, 21 Feb 2015 03:57:00 +0300"
"Актера из «Американской истории ужасов» сбил внедорожник",http://lenta.ru/news/2015/02/21/ben_woolf/,"
    Актера из сериала «Американская история ужасов» Бена Вулфа сбил внедорожник. Инцидент произошел в ночь на 19 февраля в Голливуде. Актер, рост которого составляет 131 сантиметр, пересекал одну из улиц, когда проезжавший мимо внедорожник задел его голову боковым зеркалом.
  ","Sat, 21 Feb 2015 03:14:42 +0300"
"В НАТО посоветовали подготовиться к «масштабной атаке России» на Европу",http://lenta.ru/news/2015/02/21/nato/,"
    Замкомандующего объединенными силами НАТО в Европе генерал Эдриан Брэдшоу заявил, что силы альянса должны принять меры на случай «масштабной и стремительной атаки России» на одну из восточноевропейских стран-членов организации. По словам генерала, речь идет о так называемом эскалационном доминировании, к которому прибегала Москва еще в СССР.
  ","Sat, 21 Feb 2015 02:28:00 +0300"
"Силуанов назвал решение о снижении рейтинга России «запредельно негативным»",http://lenta.ru/news/2015/02/21/siluanov/,"
    Министр финансов России Антон Силуанов назвал «запредельно негативным и политически мотивированным» решение Moody's понизить рейтинг России до спекулятивного уровня. По его словам, оценка агентства основана «на крайне пессимистичном прогнозе, который не имеет аналогов сегодня».
  ","Sat, 21 Feb 2015 01:47:00 +0300"
"Moody's понизило рейтинг России до «мусорного» уровня",http://lenta.ru/news/2015/02/21/moodys/,"
    Рейтинговое агентство Moody's понизило суверенный кредитный рейтинг России с Baa3 до Ba1. Прогноз — «негативный». В качестве основных причин снижения рейтинга до спекулятивного уровня называются продолжающийся кризис на Украине, отток капитала из страны, падение цен на нефть и снижение обменного курса рубля.
  ","Sat, 21 Feb 2015 00:53:00 +0300"
"В ОБСЕ заявили о 70 нарушениях перемирия на Украине за сутки",http://lenta.ru/news/2015/02/21/osce/,"
    Число нарушений режима прекращения огня в Донбассе возросло до 70 за сутки. 45 зафиксированных нарушений за период с 08:00 18 февраля до 08:00 19 февраля, приходится на Донецкий аэропорт. В то же время представители ДНР и ЛНР заявили наблюдателям ОБСЕ, что начали отвод тяжелых вооружений от линии соприкосновения
  ","Sat, 21 Feb 2015 00:48:00 +0300"
"В горящем поезде во Франции оказались заблокированными 600 человек",http://lenta.ru/news/2015/02/20/train/,"
    В поезде, который направлялся из столицы Франции Парижа в Гренобль, произошел пожар. В результате около 600 человек оказались заблокированными внутри состава. Огонь возник в моторном вагоне. По словам очевидца, в поезде наблюдается сильное задымление. По предварительным данным, пострадавших нет.
  ","Sat, 21 Feb 2015 00:19:00 +0300"
"Еврогруппа продлила кредитную помощь Греции на четыре месяца",http://lenta.ru/news/2015/02/20/fourmore/,"
    Финансовая помощь Греции была продлена на четыре месяца в результате переговоров на заседании Еврогруппы. Афины представят в понедельник первый список реформ, которые она готова провести в рамках программы финансовой помощи. По словам источника, в греческом правительстве приветствуют новое соглашение. 
  ","Fri, 20 Feb 2015 23:58:00 +0300"
"Порошенко освистали на Майдане",http://lenta.ru/news/2015/02/20/poroshenko1/,"
    Жители Украины встретили президента страны Петра Порошенко, прибывшего на майдан Незалежности, свистом и выкриками «Позор!». В ходе своего выступления в церемонии поминовения погибших участников Евромайдана, глава государства пообещал, что «Украина будет жить в мире и двигаться в выбранном европейском направлении».
  ","Fri, 20 Feb 2015 23:18:00 +0300"
"Американские сенаторы потребовали ужесточения санкций в отношении России ",http://lenta.ru/news/2015/02/20/harder/,"
    Американские сенаторы, в числе которых республиканец Джон Маккейн, направили госсекретарю США Джону Керри письмо с требованием ужесточить международные санкции в отношении России «за поддержку сепаратистов на Украине». Как заявили сенаторы, также необходимо немедленно начать поставку вооружения на Украину. 
  ","Fri, 20 Feb 2015 22:57:00 +0300"
"Кудрин допустил краткосрочное падение цены на нефть до 20 долларов ",http://lenta.ru/news/2015/02/20/kudrin/,"
    Бывший министр финансов России, глава «Комитета гражданских инициатив» Алексей Кудрин заявил во время пресс-конференции в Махачкале, что допускает краткосрочное падение цены на нефть до 20 долларов за баррель. При этом он подчеркнул, что нынешнее возвращение к отметке в 60 долларов еще не гарантирует дальнейшего повышения. 
  ","Fri, 20 Feb 2015 22:06:00 +0300"
"В России предложили ввести униформу для учителей",http://lenta.ru/news/2015/02/20/uniform/,"
    В России может быть введена форменная одежда для преподавателей общеобразовательных школ, заявляют производители школьной формы. По словам главы российского объединения производителей школьной одежды «Союзформа», с такой инициативой выступили три субъекта Федерации — Брянская, Воронежская и Тамбовская области. 
  ","Fri, 20 Feb 2015 22:04:46 +0300"
"На Украине 413 крымских прокуроров заподозрили в госизмене",http://lenta.ru/news/2015/02/20/ukrain/,"
    Генпрокуратура Украины начала уголовное производство в отношении бывших сотрудников прокуратуры Крыма, которые после присоединения республики к России «перешли на работу в незаконно созданное ведомство». Более 400 человек подозреваются в государственной измене. Им грозит до 15 лет лишения свободы.
  ","Fri, 20 Feb 2015 21:43:00 +0300"
"Патриарх Кирилл призвал строить миропорядок на христианских ценностях",http://lenta.ru/news/2015/02/20/patriarsh/,"
    Патриарх Московский и всея Руси Кирилл считает, что справедливый миропорядок невозможен без опоры на христианские ценности. Выступая на церемонии вручения ежегодной премии Международного фонда единства православных народов, патриарх  указал на нетерпимость и провокационность, исходящие от секулярного мира.
  ","Fri, 20 Feb 2015 21:31:00 +0300"
"Толстых назвал работу Капелло в России бизнес-проектом родственников",http://lenta.ru/news/2015/02/20/project/,"
    Президент Российского футбольного союза Николай Толстых выразил предположение, что работа главного тренера сборной России Фабио Капелло является бизнес-проектом для группы близких к итальянцу лиц. Ранее сын специалиста обвинил РФС в махинациях при выплате долгов по зарплате.
  ","Fri, 20 Feb 2015 21:03:02 +0300"
"ЕС пригрозил России новыми санкциями",http://lenta.ru/news/2015/02/20/eu_new_sanctions/,"
    Глава Евросовета Дональд Туск заявил, что лидеры стран-членов ЕС обсуждают возможность введения новых санкций против России.  Туск добавил, что ЕС сделал все возможное, чтобы новые минские соглашения соблюдались. 20 февраля украинские власти обвинили Россию в том, что она продолжает посылать танки и солдат в Донбасс.
  ","Fri, 20 Feb 2015 21:03:00 +0300"
"Трое полицейских пострадали при пресечении массовой драки в Ростове-на-Дону",http://lenta.ru/news/2015/02/20/policeinjury/,"
    Трое сотрудников уголовного розыска получили травмы во время пресечения массовой драки в Ростове-на-Дону вечером 19 февраля. Несмотря на повреждения, полицейские задержали тринадцать человек. Возбуждено уголовное дело по статье «Применение насилия в отношении представителя власти». 
  ","Fri, 20 Feb 2015 20:59:00 +0300"
"У звезды НБА обнаружили тромб",http://lenta.ru/news/2015/02/20/bosh/,"
    Форвард клуба Национальной баскетбольной ассоциации «Майами» Крис Бош был госпитализирован с тромбоэболией легочной артерии. 30-летний спортсмен почувствовал боль в груди еще 15 февраля, но за это время она не уменьшилась. Закупорка легочной артерии влечет за собой внезапную смерть.
  ","Fri, 20 Feb 2015 20:57:23 +0300"
"Гуцериев ушел с поста президента «Русснефти»",http://lenta.ru/news/2015/02/20/russneft1/,"
    Михаил Гуцериев досрочно покинул должность президента «Русснефти». На его пост назначен старший вице-президент компании Олег Гордеев, работавший в должности старшего вице-президента с 2010 года. Ранее рейтинговое агентство Moody's понизило корпоративный семейный рейтинг «Русснефти» с «Ba3» до «B2».
  ","Fri, 20 Feb 2015 20:48:00 +0300"
"Советник Порошенко заявил о семикратном превосходстве ополченцев под Дебальцево",http://lenta.ru/news/2015/02/20/birukov/,"
    Советник президента Украины Юрий Бирюков заявил, что ополченцы обладали заметным численным преимуществом над группировкой силовиков под Дебальцево. «На нашу группировку в 2,5 тысячи человек были брошены 15-17 тысяч личного состава противника! Наши потери 180-200 человек, потери противника — 868», — сообщил он.
  ","Fri, 20 Feb 2015 20:39:00 +0300"
"Священная фига Обамы в Индии оказалась живой",http://lenta.ru/news/2015/02/20/ficus_religiosa/,"
    Священная фига, посаженная президентом США Бараком Обамой в Индии, жива. Об этом сообщил индийский правительственный садовод по фамилии Катьяр. Так чиновник прокомментировал слухи о том, что саженец, с которого облетели листья, завял. Он предсказал, что дерево даст побеги в течение десяти дней.
  ","Fri, 20 Feb 2015 20:14:00 +0300"
"Убивший судью футболист избежит пожизненного заключения",http://lenta.ru/news/2015/02/20/deadfootball/,"
    Американский футболист Бассель Саад, убивший судью во время матча, признал свою вину и получит от 8 до 15 лет тюремного заключения. Инцидент произошел в июне 2014 года в американском городе Ливония во время встречи мичиганской объединенной  лиги — игрок нанес смертельный удар арбитру за предъявленную красную карточку.
  ","Fri, 20 Feb 2015 19:48:00 +0300"
"Минкомсвязи отказалось от профстандартов для работников СМИ",http://lenta.ru/news/2015/02/20/profivsmi/,"
    Минкомсвязи отказалось от идеи профессиональных стандартов для работников СМИ. Замминистра Алексей Волин заявил, что издатели и главные редакторы способны сами разобраться, какие работники им подходят. Задумка ввести обязательные профстандарты ранее была встречена острой критикой со стороны медиасообщества.
  ","Fri, 20 Feb 2015 19:37:00 +0300"
"Путин заявил о готовности России дать ответ давлению извне",http://lenta.ru/news/2015/02/20/putin/,"
    Президент России Владимир Путин заявил, что Россия всегда найдет адекватный ответ на любое давление извне. «Ни у кого не должно быть иллюзий, что возможно добиться военного превосходства над Россией. Наши солдаты и офицеры доказали, что готовы действовать профессионально и мужественно», — сказал глава государства.
  ","Fri, 20 Feb 2015 19:34:00 +0300"
"В Москве признали авторов заявлений о Суркове достойными психлечебницы",http://lenta.ru/news/2015/02/20/mid2/,"
    В МИД России назвали бреднями, достойными психлечебницы, заявления о том, что помощник президента России Владислав Сурков причастен к расстрелу демонстрантов Евромайдана в Киеве. По словам представителя ведомства Александра Лукашевича, украинские спецслужбы ставят руководство страны в неловкое положение.
  ","Fri, 20 Feb 2015 19:30:00 +0300"
"В ответ на наступление нигерийской армии боевики «Боко Харам» убили 21 человека",http://lenta.ru/news/2015/02/20/boko_haram/,"
    В ответ на наступление нигерийской армии боевики «Боко Харам» убили 21 жителя деревень Гатамарва, Макалама и Лайхавул в Нигерии. По словам Маина Чибока, посетившего Гатамарву после атаки, боевики окружили рынок и начали стрельбу. Сколько человек погибло в каждом из населенных пунктов — неизвестно.
  ","Fri, 20 Feb 2015 19:29:00 +0300"
"Пятилетняя девочка спасла на пожаре брата и сестру",http://lenta.ru/news/2015/02/20/fire/,"
    Пятилетняя девочка спасла своих брата и сестру во время пожара в Воронежской области. «Когда вспыхнул пожар, пятилетний ребенок быстро сообразил, что нужно делать, и, как взрослая, эвакуировала детей», — рассказали в региональном управлении МЧС. В ведомстве рассматривают вопрос о награждении девочки.
  ","Fri, 20 Feb 2015 19:09:00 +0300"
"Срок бесплатной приватизации жилья продлили на год",http://lenta.ru/news/2015/02/20/housing/,"
    Госдума во втором и третьем чтении приняла закон о продлении бесплатной приватизации жилья на год — до 1 марта 2016 года. В первоначальном варианте авторы законопроекта из партии «Справедливая Россия» предлагали продлить бесплатную приватизацию до 2018 года, однако ко второму чтению в законопроект были внесены поправки.
  ","Fri, 20 Feb 2015 18:49:30 +0300"
"Режиссер «Звездных войн» признал правдивость слухов о сюжете",http://lenta.ru/news/2015/02/20/abrams/,"
    Режиссер Джей Джей Абрамс признал правдивость некоторых слухов о сюжете блокбастера «Звездные войны: Пробуждение Силы». Ранее появилась информация, что в седьмом эпизоде франшизы погибнет один из ключевых ее персонажей. По словам режиссера, впрочем, не все спойлеры, опубликованные в сети, правдивы.
  ","Fri, 20 Feb 2015 18:46:00 +0300"
"«Оскар» за вклад в кинематограф получила 20-летняя обезьяна",http://lenta.ru/news/2015/02/20/monkey/,"
    Обезьяна-капуцин Кристалл, которую называют «Анджелиной Джоли животного мира», получила почетную награду за заслуги в киноиндустрии — премию Pawscar (от слова paw — «лапа»). На церемонию вручения «Оскара» для животных Кристалл пришла в розовом платье и жемчужном ожерелье. 
  ","Fri, 20 Feb 2015 18:40:00 +0300"
"Schlumberger отложила сделку с российской EDC",http://lenta.ru/news/2015/02/20/schlumberger/,"
    Международная нефтесервисная компания Schlumberger откладывает сделку по приобретению 45,65 процента акций российской буровой компании Eurasia Drilling Company (EDC) до окончательного согласования с Федеральной антимонопольной службой России. Сумма сделки составит 1,7 миллиарда долларов.
  ","Fri, 20 Feb 2015 18:30:00 +0300"
"Российскому политологу запретили въезд в Молдавию",http://lenta.ru/news/2015/02/20/politolog/,"
    Директору Фонда национальной энергетической безопасности Константину Симонову запретили въезд в Молдавию сроком на пять лет без объяснения причин. Он ожидает отправки в Москву. «Фактически речь идет, конечно, о том, что российским экспертам просто уже запрещают выступать с открытыми лекциями», — сказал политолог.
  ","Fri, 20 Feb 2015 18:24:21 +0300"
"Ультрафиолет оказался опасным для кожи после пребывания под солнцем",http://lenta.ru/news/2015/02/20/uvsobad/,"
    Американские ученые выяснили, что ультрафиолетовое излучение продолжает разрушать ДНК кожи на протяжении многих часов после контакта с солнечными лучами. Из-за химического процесса («темный путь»), половину повреждений клетки кожи получают уже после отключения ультрафиолета.
  ","Fri, 20 Feb 2015 18:21:00 +0300"
"Госдума продлила дачную амнистию на три года",http://lenta.ru/news/2015/02/20/dacha/,"
    Госдума в трех чтениях приняла закон о продлении дачной амнистии на три года до 1 марта 2018 года. Данная норма позволит оформлять права на выделенные гражданам в 1992-1998 годах земельные участки с недвижимостью в упрощенном порядке. Ранее предполагалось, что дачная амнистия завершится 1 марта 2015 года.<br />
  ","Fri, 20 Feb 2015 18:20:00 +0300"
"Медведев рассказал Путину о поставках газа в Донбасс",http://lenta.ru/news/2015/02/20/gaz/,"
    Премьер-министр РФ Дмитрий Медведев заявил, что территории районов, расположенных в Донецкой и Луганской областях Украины, получают газ в необходимых для потребления объемах. Об этом он сообщил на совещании президента Владимира Путина с постоянными членами Совета безопасности. 
  ","Fri, 20 Feb 2015 18:03:00 +0300"
"В Ливии в результате взрывов погибли 45 человек",http://lenta.ru/news/2015/02/20/libya_blast/,"
    В результате трех терактов в ливийском городе Аль-Кубба погибли 45 человек, еще 70 получили ранения. Взрывчатка была заложена в автомобилях. Целями боевиков были здание полиции, заправочная станции и дом спикера ливийского парламента Акиля Салиха, расположенного в Тобруке. В стране объявлен 7-дневный траур.
  ","Fri, 20 Feb 2015 17:58:00 +0300"
"Госдума разрешила испанцам усыновлять российских детей",http://lenta.ru/news/2015/02/20/spain/,"
    Госдума ратифицировала договор с Испанией о сотрудничестве в области усыновления детей. В договоре оговариваются принципы международного усыновления детей, требования к будущим родителям, а также порядок контроля за дальнейшей жизнью детей. Также в документе прописан запрет на усыновление детей однополым семьям. 
  ","Fri, 20 Feb 2015 17:58:00 +0300"
"Врачи сочли состояние голодающей Савченко удовлетворительным",http://lenta.ru/news/2015/02/20/savchenkohealth/,"
    Украинскую летчицу Надежду Савченко, которая около двух месяцев назад объявила голодовку, осмотрели врачи, которые сочли состояние заключенной удовлетворительным. Доктора дали рекомендации Савченко по поддержанию здоровья и одобрили терапию, проводимую врачами больницы МСЧ ФСИН России.
  ","Fri, 20 Feb 2015 17:51:00 +0300"
"Порошенко пожелал Януковичу вечно гореть в аду",http://lenta.ru/news/2015/02/20/poroshenko/,"
    Президент Украины Петр Порошенко пожелал бывшему главе государства Виктору Януковичу вечно гореть в аду и пожалел, что этот вопрос находится «вне юрисдикции земного суда». В ходе вручения наград родственникам погибших участников Евромайдана Порошенко добавил, что свержению Януковича помогла Москва.
  ","Fri, 20 Feb 2015 17:41:00 +0300"
"Карантин объявили в каждой десятой школе России",http://lenta.ru/news/2015/02/20/karantin/,"
    Полный или частичный карантин объявлен в 4600 школах в 69 регионах России. По данным НИИ гриппа, общее число заболевших по состоянию на 16 февраля составляло 30 миллионов человек, при этом специалисты отмечают, что в целом по России ситуация с гриппом мало отличается от обычной для этого времени года.
  ","Fri, 20 Feb 2015 17:28:00 +0300"
"Гигантская улитка выиграла чемпионат по бегу в Нижнем Новгороде",http://lenta.ru/news/2015/02/20/turbo/,"
    Гигантская африканская улитка выиграла чемпионат по бегу , который прошел в Нижнем Новгороде. Моллюск по кличке Гери преодолел 45-сантиметровую дистанцию за 5 минут 53 секунды. Он опередил пятерых соперников и в качестве награды получил шпинат и сертификат на фотосессию.
  ","Fri, 20 Feb 2015 17:28:00 +0300"
"Первый атомный эсминец заложат в Петербурге в 2017 году",http://lenta.ru/news/2015/02/20/leader/,"
    Закладка эсминца нового поколения типа «Лидер» запланирована на конец 2017 года, заявил прессе высокопоставленный представитель оборонно-промышленного комплекса. Водоизмещение корабля составит 14 тысяч тонн. Ранее сообщалось, что для ВМФ будет построено 12 таких кораблей.
  ","Fri, 20 Feb 2015 17:07:00 +0300"
"Олланд не нашел российских танков на Украине",http://lenta.ru/news/2015/02/20/holland/,"
    Президент Франции Франсуа Олланд заявил, что не располагает доказательствами присутствия российской военной техники на Украине. Об этом он заявил на пресс-конференции с канцлером ФРГ Ангелой Меркель. «Мы не можем подтвердить, что российские танки вошли на Украину», — сказал Олланд. 
  ","Fri, 20 Feb 2015 16:59:00 +0300"
"Moody's понизило рейтинг «Русснефти»",http://lenta.ru/news/2015/02/20/russneft/,"
    Агентство Moody's понизило корпоративный рейтинг НК «Русснефть» до уровня «В2» с «Ва3». По мнению Moody's, финансовые показатели и ликвидность «Русснефти» существенно ухудшились в последнее время по сравнению с 2012 годом, и риски, связанные с политикой акционеров, остаются высокими.
  ","Fri, 20 Feb 2015 16:58:00 +0300"
"Латвия заявила о готовности к миротворческой миссии в Донбассе",http://lenta.ru/news/2015/02/20/peacekeepers/,"
    Министр обороны Латвии Раймонд Вейонис заявил о готовности латвийских военных принять участие в миротворческой миссии ООН в Донбассе в том случае, если Совет Безопасности ООН и латвийский Сейм примут соответствующее решение. При этом он отметил, что считает выполнение минских соглашений единственным путем к миру.
  ","Fri, 20 Feb 2015 16:52:00 +0300"
"Финансисты нашли универсальный стандарт управления рисками",http://lenta.ru/news/2015/02/20/partad/,"
    Профессиональная Ассоциация Регистраторов Трансфер-Агентов и Депозитариев (ПАРТАД) и Институт внутренних аудиторов (ИВА) презентовали официальный русский перевод книги COSO «Внутренний контроль. Интегрированная модель» (редакция 2013 года) (Internal Control. Integrated Framework). 
  ","Fri, 20 Feb 2015 16:49:00 +0300"
"Ученые создали шоколад для борьбы с морщинами",http://lenta.ru/news/2015/02/20/chocowrinkle/,"
    Исследователи из Кембриджского университета создали фирму по производству шоколада Esthechoc, который призван замедлить образование морщин и обвисшей кожи — за счет увеличения концентрации антиоксидантов в организме и интенсификации кровообращения. Новинка вызвала споры среди ученых.
  ","Fri, 20 Feb 2015 16:48:00 +0300"
"В сеть выложили версию «50 оттенков серого за одну минуту»",http://lenta.ru/news/2015/02/20/50shadescut/,"
    В сеть выложили сокращенную версию «50 оттенков серого» в мультипликационном варианте. Ролик длится всего минуту. Это пародия на фильм и книгу. В данный момент невозможно скачать или посмотреть фильм онлайн, но можно посмотреть эту короткую версию. В российский прокат фильм вышел 12 февраля.
  ","Fri, 20 Feb 2015 16:48:00 +0300"
"ДНР и ЛНР предложили исключить из украинского энергорынка",http://lenta.ru/news/2015/02/20/out/,"
    СНБО Украины предлагает исключить из расчетов на рынке электроэнергии предприятия, работающие на территории, подконтрольной ополчению. Об этом сообщается в указе<a>, опубликованном на сайте президента Украины. Предложение направлено в Национальную комиссию по регулированию энергетики.
  ","Fri, 20 Feb 2015 16:41:00 +0300"
"Iraqi Airways начнет полеты по маршруту Москва — Багдад",http://lenta.ru/news/2015/02/20/moscowbagdad/,"
    Авиакомпания Iraqi Airways в ближайшее время начнет совершать регулярные полеты по маршруту Москва — Багдад — Басра. Заявление об открытии нового направления на встрече с руководителем Федерального агентства по туризму Олегом Сафоновым сделал посол Ирака в России Исмаил Шафик Мухсин.
  ","Fri, 20 Feb 2015 16:35:00 +0300"
"В Татарстане судебные приставы арестовали балалайку",http://lenta.ru/news/2015/02/20/balalayka/,"
    В Татарстане судебные приставы изъяли у должника балалайку. На прощание владелец инструмента сыграл на нем несколько мелодий. Если в течение 10 дней долг по кредиту не будет выплачен, для его погашения балалайка и ноутбук, арестованные сотрудниками ФССП, будут проданы на торгах.
  ","Fri, 20 Feb 2015 16:33:00 +0300"
"Сигурни Уивер и Хью Джекман приедут в Москву",http://lenta.ru/news/2015/02/20/weaver/,"
    Голливудские актеры Сигурни Уивер, Хью Джекман и Дев Патель представят в Москве свой фильм «Робот по имени Чаппи». Презентация картины состоится 1 марта The Ritz Carlton Moscow. Сама лента появится в российских кинотеатрах 5 марта. События в фантастическом триллере происходят в недалеком будущем.
  ","Fri, 20 Feb 2015 16:32:19 +0300"
"Минфин Мальты сообщил о готовности еврозоны отпустить Грецию ",http://lenta.ru/news/2015/02/20/eurogreece/,"
    Крупнейшие страны еврозоны готовы к тому, что Греция покинет валютный блок. Это станет возможным, если не удастся подписать соглашение об экономической поддержке Афин, заявил министр финансов Мальты Эдвард Шиклуна. Ранее Греция попросила Брюссель продлить кредитное соглашение с еврозоной на шесть месяцев.
  ","Fri, 20 Feb 2015 16:23:00 +0300"
"Калужские депутаты предложили сажать за фиктивные браки",http://lenta.ru/news/2015/02/20/fictitious/,"
    Депутаты законодательного собрания Калужской области предложили ввести уголовную ответственность за фиктивные браки. Как утверждают авторы законопроекта, с 2010 по 2013 год в регионе аннулированы 32 брака, заключенные гражданами РФ с приезжими «без цели создания семьи и за денежное вознаграждение». 
  ","Fri, 20 Feb 2015 16:20:00 +0300"
"В американском городе улицу от снега почистили моторизированным унитазом",http://lenta.ru/news/2015/02/20/loocleaner/,"
    Магазин бытовой техники в Бетезде (Мэриленд) продемонстрировал новый гаджет для чистки снега, представляющий собой моторизированный унитаз. Видео, на котором снегоуборочную технику тестирует один из представителей магазина Union Hardware, было опубликовано в сети. 
  ","Fri, 20 Feb 2015 16:19:00 +0300"
"ФАС пригрозила судом операторам в случае повышения цен на роуминг",http://lenta.ru/news/2015/02/20/fas/,"
    Федеральная антимонопольная служба (ФАС) заявила, что будет обращаться в суд, если мобильные операторы начнут увеличивать цены на роуминг. Руководитель ведомства Игорь Артемьев отметил, что хотя и происходит девальвация рубля, можно найти возможности для снижения стоимости услуг.
  ","Fri, 20 Feb 2015 16:17:00 +0300"
"Умерла поэтесса и прозаик Юлия Вознесенская",http://lenta.ru/news/2015/02/20/voznesenskaya/,"
    Российская поэтесса и прозаик Юлия Вознесенская умерла в Берлине в возрасте 74 лет. С 1966 она начала печататься в периодике и в самиздате. Участвовала в голодовке протеста художников-нонконформистов. Проводила литературные вечера-квартирники. Была осуждена за «антисоветскую пропаганду».
  ","Fri, 20 Feb 2015 16:15:40 +0300"
"Счетная палата обнаружила неэффективные траты Росавиации",http://lenta.ru/news/2015/02/20/rosaviaziyaproverka/,"
    Счетная палата России выявила неэффективное использование Росавиацией средств федерального бюджета на модернизацию Единой системы организации воздушного движения (ЕС ОрВД). В результате нарушений сроки целевой программы, которая должна была завершиться в 2015 году, сдвинули на пять лет.
  ","Fri, 20 Feb 2015 16:01:49 +0300"
"Минсельхоз объявил преждевременной отмену продовольственного эмбарго",http://lenta.ru/news/2015/02/20/iloveembargo/,"
    Министр сельского хозяйства России Николай Федоров считает преждевременным отменять запрет на ввоз в Россию западных продуктов, введенный в августе 2014 года. По словам министра, снижение в результате эмбарго импорта более чем на 4 миллиарда долларов пошло на пользу отечественным производителям.
  ","Fri, 20 Feb 2015 15:59:00 +0300"
"Сотникова пропустит остаток сезона",http://lenta.ru/news/2015/02/20/sotnikova/,"
    Олимпийская чемпионка Игр 2014 года в Сочи в женском одиночном катании Аделина Сотникова не выйдет на лед в нынешнем сезоне. Ранее с подобным заявлением выступила еще одна российская фигуристка — Юлия Липницкая. С 23 по 29 марта в Шанхае пройдет мировое первенство по фигурному катанию. 
  ","Fri, 20 Feb 2015 15:56:48 +0300"
"Шотландцы признали гол мальчика с синдромом Дауна лучшим в январе",http://lenta.ru/news/2015/02/20/goal/,"
    Шотландские болельщики признали гол 11-летнего мальчика Джея Битти, страдающего синдромом Дауна, лучшим в январе 2015 года. За его результативный удар в перерыве матча «Селтика» с «Гамильтоном» было отдано 97 процентов голосов, а имя победителя назвал друг Битти и бывший футболист «кельтов» Йоргос Самарас.
  ","Fri, 20 Feb 2015 15:52:00 +0300"
"Производитель презервативов назвал самые неверные нации",http://lenta.ru/news/2015/02/20/izmenniki/,"
    Опубликован рейтинг самых неверных наций. Первое место в списке заняли жители Таиланда, следом за ними идут датчане и итальянцы. Согласно исследованию, 56 процентов жителей Таиланда изменяют своим партнерам. Отмечается, что многие супружеские пары в стране ведут беспорядочную половую жизнь.
  ","Fri, 20 Feb 2015 15:48:00 +0300"
"В Германии впервые за 70 лет переиздадут «Майн Кампф»",http://lenta.ru/news/2015/02/20/mein_kampf_republish/,"
    Исследователи Института современной истории в Мюнхене планируют в 2016 году переиздать книгу фюрера Третьего рейха Адольфа Гитлера «Майн Кампф». Новое издание будет состоять из двух томов. Всего в книге будет более двух тысяч страниц. На первых 780 страницах будут напечатаны 27 глав написанной в 1925 году книги.
  ","Fri, 20 Feb 2015 15:45:00 +0300"
"Гас Ван Сэнт снимет пилот сериала о ведьмах Салема",http://lenta.ru/news/2015/02/20/vansant/,"
    Канал HBO заказал пилотную серию исторического сериала «Новый мир», режиссером которой выступит Гас Ван Сэнт. Сценарий теледрамы о судебном процессе над ведьмами Салема в Новой Англии в 1692-м и закончившемся казнью 20 человек, написала автор шоу «Оранжевый — новый черный» Дженджи Коэн.
  ","Fri, 20 Feb 2015 15:33:18 +0300"
"В Испании выставили детские работы Пикассо",http://lenta.ru/news/2015/02/20/picasso/,"
    В испанском городе Ла-Корунья открылась экспозиция «Первый Пикассо», на которой представлены одни из самых ранних работ художника. Выставка продлится до 24 мая. 59 произведений выполнены, в основном, маслом. Кроме того, зрители смогут увидеть чертежи и эскизы, сделанные Пабло Пикассо в юном возрасте.
  ","Fri, 20 Feb 2015 15:32:43 +0300"
"МТС и «Билайн» повысят стоимость услуг",http://lenta.ru/news/2015/02/20/tariffs/,"
    «Вымпелком» (бренд «Билайн») и МТС в конце февраля изменят стоимость некоторых своих услуг. МТС с 26 февраля повысит цены на мобильный интернет внутри сети в некоторых тарифах до 50 рублей в сутки (сейчас 30 рублей), а на интернет-опции — до 350 рублей в месяц (сейчас 250 рублей).
  ","Fri, 20 Feb 2015 15:30:00 +0300"
"В Сомали боевики атаковали отель с министрами и депутатами",http://lenta.ru/news/2015/02/20/somali/,"
    В сомалийской столице Могадишо атакован отель, в котором находились министры и депутаты. Террорист-смертник подорвал машину возле ворот, ведущих на территорию гостиничного комплекса, после чего в здание ворвались боевики. По данным полиции, жертвами теракта стали 10 человек.
  ","Fri, 20 Feb 2015 15:14:41 +0300"
"В Архангельске геям разрешили митинг и запретили шествие",http://lenta.ru/news/2015/02/20/arhangelsk/,"
    Мэрия Архангельска отклонила заявку на проведение шествия по улицам города, поданную ЛГБТ-активистами. В то же время представителям секс-меньшинств впервые разрешили публичное выступление в одном из городских парков. Организаторы акции заявили, что ждут содействия от властей в проведении акции.
  ","Fri, 20 Feb 2015 15:14:00 +0300"
"В Петербурге заложили два корвета-«невидимки» проекта 20380",http://lenta.ru/news/2015/02/20/skr20380/,"
    Закладка корветов «Ретивый» и «Строгий» проекта 20380 состоялась 20 февраля на судостроительном заводе «Северная верфь» в Санкт-Петербурге. Четыре корабля этого проекта уже введены в состав Балтийского флота и еще четыре строятся (два на Балтике и два — на Тихом океане).
  ","Fri, 20 Feb 2015 15:13:00 +0300"
"Оппозиция согласилась маршировать в Марьино",http://lenta.ru/news/2015/02/20/vesna/,"
    Организаторы оппозиционного марша «Весна» согласились провести его в столичном районе Марьино. По словам одного из организаторов шествия Бориса Немцова, донести до людей свои требования для них важней, чем место проведения акции. Лидер «Яблока» Сергей Митрохин заявил, что его партия не будет участвовать в шествии.<br />
  ","Fri, 20 Feb 2015 15:08:00 +0300"
"В Голливуде появился нюхающий кокаин «Оскар»",http://lenta.ru/news/2015/02/20/cokeoscar/,"
    Уличный художник по прозвищу Plastic Jesus разместил на бульваре Голливуд статую «Оскара», нюхающую кокаин. Работа называется Hollywood's best party — «Лучшая вечеринка Голливуда». Золотистого цвета скульптура стоит на четвереньках, склонившись с трубочкой над дорожками наркотика, прямо на красной ковровой дорожке.
  ","Fri, 20 Feb 2015 15:01:00 +0300"
"Ролик с прорвавшимся сквозь снежную стену голодным котом стал хитом в сети ",http://lenta.ru/news/2015/02/20/coolcat/,"
    Видео с домашним котом, прорвавшимся через образовавшийся у входной двери большой сугроб в надежде перекусить, стало хитом в сети, набрав за прошедшие с момента публикации на YouTube четыре дня более 1,1 миллиона просмотров. Действие снятого хозяевами кота ролика происходит в США, в одном из северных штатов.<br />
  ","Fri, 20 Feb 2015 14:57:00 +0300"
